instance_id,repo,language_group,base_commit,query_chars,target_blocks,candidate_span_coverage,bm25/span_recall@1,bm25/span_recall@5,bm25/span_recall@10,bm25/file_recall@5,bm25/span_mrr,Qwen/Qwen3-Reranker-0.6B/span_recall@1,Qwen/Qwen3-Reranker-0.6B/span_recall@5,Qwen/Qwen3-Reranker-0.6B/span_recall@10,Qwen/Qwen3-Reranker-0.6B/file_recall@5,Qwen/Qwen3-Reranker-0.6B/span_mrr,Qwen/Qwen3-Reranker-0.6B/rerank_mean_ms,Qwen/Qwen3-Reranker-0.6B/failed_observations,Qwen/Qwen3-Reranker-4B/span_recall@1,Qwen/Qwen3-Reranker-4B/span_recall@5,Qwen/Qwen3-Reranker-4B/span_recall@10,Qwen/Qwen3-Reranker-4B/file_recall@5,Qwen/Qwen3-Reranker-4B/span_mrr,Qwen/Qwen3-Reranker-4B/rerank_mean_ms,Qwen/Qwen3-Reranker-4B/failed_observations,Qwen/Qwen3-Reranker-8B/span_recall@1,Qwen/Qwen3-Reranker-8B/span_recall@5,Qwen/Qwen3-Reranker-8B/span_recall@10,Qwen/Qwen3-Reranker-8B/file_recall@5,Qwen/Qwen3-Reranker-8B/span_mrr,Qwen/Qwen3-Reranker-8B/rerank_mean_ms,Qwen/Qwen3-Reranker-8B/failed_observations,typesafe/jev-1.13/span_recall@1,typesafe/jev-1.13/span_recall@5,typesafe/jev-1.13/span_recall@10,typesafe/jev-1.13/file_recall@5,typesafe/jev-1.13/span_mrr,typesafe/jev-1.13/rerank_mean_ms,typesafe/jev-1.13/failed_observations
astral-sh__ruff-15309,astral-sh/ruff,Rust,75a24bbc67aa31b825b6326cfb6e6afdf3ca90d5,334,1,0.0,0.0,0.0,0.0,0.0,0.0,0.0,0.0,0.0,0.0,0.0,538.3040811866522,0,0.0,0.0,0.0,0.0,0.0,1594.9372984468937,0,0.0,0.0,0.0,0.0,0.0,2251.268183812499,0,0.0,0.0,0.0,0.0,0.0,1441.7187552899122,0
astral-sh__ruff-15330,astral-sh/ruff,Rust,b2a0d68d70ee690ea871fe9b3317be43075ddb33,1038,2,1.0,0.0,0.5,1.0,1.0,0.5,0.0,1.0,1.0,1.0,0.5,1304.7514338977635,0,0.5,1.0,1.0,1.0,1.0,3990.3918942436576,0,0.0,1.0,1.0,1.0,0.5,5566.512115299702,0,0.5,0.5,1.0,1.0,1.0,1450.7417101413012,0
astral-sh__ruff-15356,astral-sh/ruff,Rust,ee9a912f47e64de13cad0b525a714b46c5e29293,2068,1,0.0,0.0,0.0,0.0,0.0,0.0,0.0,0.0,0.0,0.0,0.0,1467.7709420211613,0,0.0,0.0,0.0,0.0,0.0,4548.733454197645,0,0.0,0.0,0.0,0.0,0.0,6159.276265185326,0,0.0,0.0,0.0,0.0,0.0,1340.0941425934434,0
astral-sh__ruff-15443,astral-sh/ruff,Rust,d1666fbbeec27fe534f261f388fbd5891546ffcf,1252,2,1.0,0.0,0.5,0.5,0.5,0.5,0.0,0.0,1.0,0.5,0.125,704.0151241235435,0,0.5,1.0,1.0,1.0,1.0,2206.604723352939,0,0.0,1.0,1.0,1.0,0.5,3126.8259454518557,0,0.5,1.0,1.0,1.0,1.0,1502.3981621488929,0
astropy__astropy-12907,astropy/astropy,Python,d16bfe05a744909de4b27f5875fe0d4ed41ce607,1246,1,0.0,0.0,0.0,0.0,1.0,0.0,0.0,0.0,0.0,1.0,0.0,691.7911767959595,0,0.0,0.0,0.0,1.0,0.0,2170.039738062769,0,0.0,0.0,0.0,1.0,0.0,3089.044926222414,0,0.0,0.0,0.0,1.0,0.0,1505.209299735725,0
astropy__astropy-13033,astropy/astropy,Python,298ccb478e6bf092953bca67a3d29dc6c35f6752,2790,1,1.0,0.0,0.0,0.0,0.0,0.058823529411764705,1.0,1.0,1.0,1.0,1.0,1124.678639229387,0,1.0,1.0,1.0,1.0,1.0,3411.612226627767,0,1.0,1.0,1.0,1.0,1.0,4695.658307056874,0,1.0,1.0,1.0,1.0,1.0,1536.7000214755535,0
astropy__astropy-13236,astropy/astropy,Python,6ed769d58d89380ebaa1ef52b300691eefda8928,2057,1,1.0,1.0,1.0,1.0,1.0,1.0,1.0,1.0,1.0,1.0,1.0,872.1369337290525,0,1.0,1.0,1.0,1.0,1.0,2713.3712442591786,0,1.0,1.0,1.0,1.0,1.0,3826.9017608836293,0,1.0,1.0,1.0,1.0,1.0,1592.872703447938,0
astropy__astropy-13579,astropy/astropy,Python,0df94ff7097961e92fd7812036a24b145bc13ca8,4822,1,1.0,0.0,0.0,1.0,1.0,0.14285714285714285,0.0,1.0,1.0,1.0,0.5,1832.3129317723215,0,1.0,1.0,1.0,1.0,1.0,5538.431074470282,0,1.0,1.0,1.0,1.0,1.0,7538.481850642711,0,1.0,1.0,1.0,1.0,1.0,1429.2076984420419,0
axios__axios-4731,axios/axios,TypeScript/JavaScript,c30252f685e8f4326722de84923fcbc8cf557f06,1445,1,1.0,1.0,1.0,1.0,1.0,1.0,1.0,1.0,1.0,1.0,1.0,652.6807202026248,0,1.0,1.0,1.0,1.0,1.0,1919.2811790853739,0,1.0,1.0,1.0,1.0,1.0,2729.4713873416185,0,1.0,1.0,1.0,1.0,1.0,1471.9510059803724,0
axios__axios-4738,axios/axios,TypeScript/JavaScript,9bb016f95e6de871a44f3276fd06562704a0abb0,2264,1,1.0,0.0,1.0,1.0,1.0,0.5,0.0,0.0,0.0,1.0,0.08333333333333333,756.3330382108688,0,0.0,1.0,1.0,1.0,0.5,2335.512879304588,0,1.0,1.0,1.0,1.0,1.0,3315.5279038473964,0,1.0,1.0,1.0,1.0,1.0,1479.4961605221033,0
axios__axios-5085,axios/axios,TypeScript/JavaScript,85740c3e7a1fa48346dfcbd4497f463ccb1c1b05,1201,1,1.0,0.0,0.0,0.0,0.5,0.023809523809523808,0.0,0.0,1.0,0.5,0.16666666666666666,585.0016702897847,0,0.0,1.0,1.0,0.5,0.3333333333333333,1824.1622527129948,0,0.0,1.0,1.0,0.5,0.5,2616.7951123788953,0,1.0,1.0,1.0,0.5,1.0,1512.6583548262715,0
axios__axios-6539,axios/axios,TypeScript/JavaScript,c6cce43cd94489f655f4488c5a50ecaf781c94f2,3824,1,1.0,0.0,1.0,1.0,1.0,0.5,0.0,0.0,0.0,0.0,0.058823529411764705,983.4773768670857,0,0.0,0.0,0.0,0.0,0.07692307692307693,2971.767937298864,0,0.0,0.0,1.0,1.0,0.14285714285714285,4146.218003239483,0,1.0,1.0,1.0,1.0,1.0,1382.8404727391899,0
babel__babel-13928,babel/babel,TypeScript/JavaScript,5134505bf93013c5fa7df66704df8d04becb7f7d,1029,1,1.0,0.0,0.0,0.0,0.0,0.03333333333333333,0.0,1.0,1.0,1.0,0.3333333333333333,650.0660814344883,0,0.0,1.0,1.0,1.0,0.2,1974.2199713364244,0,1.0,1.0,1.0,1.0,1.0,2814.8208647035062,0,0.5,1.0,1.0,1.0,0.75,2193.1297201663256,0
babel__babel-14532,babel/babel,TypeScript/JavaScript,fbd065256ca00d68089293ad48ea9aeba5481914,2223,1,0.0,0.0,0.0,0.0,1.0,0.0,0.0,0.0,0.0,0.0,0.0,1263.4639325551689,0,0.0,0.0,0.0,0.0,0.0,3797.9409089311957,0,0.0,0.0,0.0,0.0,0.0,5217.2457138076425,0,0.0,0.0,0.0,0.0,0.0,1348.2261188328266,0
babel__babel-15445,babel/babel,TypeScript/JavaScript,49e4855c10d8f76faf477f2ceb5ecbdbe2c849a3,5790,1,0.0,0.0,0.0,0.0,0.0,0.0,0.0,0.0,0.0,0.0,0.0,1795.00222671777,0,0.0,0.0,0.0,0.0,0.0,5370.439261663705,0,0.0,0.0,0.0,0.0,0.0,7357.418684288859,0,0.0,0.0,0.0,0.0,0.0,1527.8408220037818,0
babel__babel-15649,babel/babel,TypeScript/JavaScript,35116224d21e16fb863293f9011d1d6c97ed0bf4,1308,1,0.0,0.0,0.0,0.0,0.0,0.0,0.0,0.0,0.0,1.0,0.0,766.2694747559726,0,0.0,0.0,0.0,1.0,0.0,2331.5163371153176,0,0.0,0.0,0.0,1.0,0.0,3307.774684857577,0,0.0,0.0,0.0,1.0,0.0,1550.4324869252741,0
caddyserver__caddy-4943,caddyserver/caddy,Go,7f6a328b4744bbdd5ee07c5eccb3f897390ff982,2966,1,0.0,0.0,0.0,0.0,0.0,0.0,0.0,0.0,0.0,0.0,0.0,1627.79624434188,0,0.0,0.0,0.0,0.0,0.0,4892.606244888157,0,0.0,0.0,0.0,0.0,0.0,6660.301261115819,0,0.0,0.0,0.0,0.0,0.0,1611.5381619893014,0
caddyserver__caddy-5404,caddyserver/caddy,Go,960150bb034dc9a549ee7289b1a4eb4abafeb30a,3408,2,1.0,0.0,0.0,0.5,1.0,0.1,0.0,0.5,1.0,1.0,0.2,1765.900163911283,0,0.5,0.5,1.0,1.0,1.0,5381.765514146537,0,0.5,1.0,1.0,1.0,1.0,7350.4117405973375,0,0.5,0.5,1.0,1.0,1.0,1554.652085993439,0
caddyserver__caddy-5761,caddyserver/caddy,Go,0a6d3333b2c92553e66c93c14d3258a790aac639,277,1,1.0,0.0,1.0,1.0,1.0,0.5,1.0,1.0,1.0,1.0,1.0,596.5347001329064,0,1.0,1.0,1.0,1.0,1.0,1870.6973777152598,0,1.0,1.0,1.0,1.0,1.0,2702.0679293200374,0,1.0,1.0,1.0,1.0,1.0,1453.8915464654565,0
caddyserver__caddy-5870,caddyserver/caddy,Go,fae195ac7eb9f4b0e9436384cd0529a11355e367,1807,1,0.0,0.0,0.0,0.0,0.0,0.0,0.0,0.0,0.0,0.0,0.0,932.3845524340868,0,0.0,0.0,0.0,0.0,0.0,2848.7191409803927,0,0.0,0.0,0.0,0.0,0.0,4013.267457485199,0,0.0,0.0,0.0,0.0,0.0,492.08618234843016,2
caddyserver__caddy-6115,caddyserver/caddy,Go,4512be49a9fa55270e9afa632be9ff6c9560c455,1092,1,1.0,0.0,1.0,1.0,1.0,0.5,1.0,1.0,1.0,1.0,1.0,850.1946083270013,0,1.0,1.0,1.0,1.0,1.0,2655.040754005313,0,1.0,1.0,1.0,1.0,1.0,3751.863893121481,0,1.0,1.0,1.0,1.0,1.0,1475.2461756579578,0
facebook__docusaurus-10130,facebook/docusaurus,TypeScript/JavaScript,02e38d8ccf7811af27a9c15ddbadf4d26cfc0eab,2744,1,1.0,0.0,1.0,1.0,1.0,0.2,1.0,1.0,1.0,1.0,1.0,1096.9442017376423,0,1.0,1.0,1.0,1.0,1.0,3290.496211964637,0,1.0,1.0,1.0,1.0,1.0,4561.140069272369,0,1.0,1.0,1.0,1.0,1.0,1475.8084896020591,0
facebook__docusaurus-10309,facebook/docusaurus,TypeScript/JavaScript,5e9e1d051b2217b95498ecbc10f7e33f64e7a4d3,3208,1,0.0,0.0,0.0,0.0,0.0,0.0,0.0,0.0,0.0,0.0,0.0,1144.9056239798665,0,0.0,0.0,0.0,0.0,0.0,3421.635454054922,0,0.0,0.0,0.0,0.0,0.0,4722.47630963102,0,0.0,0.0,0.0,0.0,0.0,1481.2920792028308,0
facebook__docusaurus-8927,facebook/docusaurus,TypeScript/JavaScript,41f1c1e3c26ad1e24acd3306077e2534dd8fa0db,1826,1,1.0,0.0,1.0,1.0,1.0,0.3333333333333333,0.0,1.0,1.0,1.0,0.25,841.609485913068,0,0.0,1.0,1.0,1.0,0.5,2591.7476774193347,0,0.0,1.0,1.0,1.0,0.3333333333333333,3642.4357909709215,0,0.0,1.0,1.0,1.0,0.29166666666666663,1805.1664778031409,0
facebook__docusaurus-9897,facebook/docusaurus,TypeScript/JavaScript,0589b1475d56b0b541348aa56f201ec7c56c56d5,1721,1,0.0,0.0,0.0,0.0,0.0,0.0,0.0,0.0,0.0,0.0,0.0,903.3617144450545,0,0.0,0.0,0.0,1.0,0.0,2697.6167522370815,0,0.0,0.0,0.0,0.0,0.0,3806.4321856945753,0,0.0,0.0,0.0,1.0,0.0,1714.3097296357155,0
fmtlib__fmt-2310,fmtlib/fmt,C++/C,7612f18dc8e0112e64e0845a1ebe9da6cfb8a123,544,2,1.0,0.0,0.0,0.0,1.0,0.06666666666666667,0.5,1.0,1.0,1.0,1.0,534.8422890529037,0,0.5,1.0,1.0,1.0,1.0,1678.7436353042722,0,0.0,1.0,1.0,1.0,0.5,2399.8305588029325,0,0.0,0.5,1.0,1.0,0.5,1481.7935349419713,0
fmtlib__fmt-2317,fmtlib/fmt,C++/C,ece4b4b33a96db77beccca3957505e689cbc4279,607,1,0.0,0.0,0.0,0.0,1.0,0.0,0.0,0.0,0.0,1.0,0.0,586.5815486758947,0,0.0,0.0,0.0,1.0,0.0,1822.9061365127563,0,0.0,0.0,0.0,1.0,0.0,2599.1413588635623,0,0.0,0.0,0.0,1.0,0.0,1486.622924450785,0
fmtlib__fmt-3248,fmtlib/fmt,C++/C,840ec8569ddb304345f082bb82d733742f431504,380,1,0.0,0.0,0.0,0.0,0.0,0.0,0.0,0.0,0.0,1.0,0.0,581.2539020553231,0,0.0,0.0,0.0,1.0,0.0,1752.278226427734,0,0.0,0.0,0.0,1.0,0.0,2514.4763900898397,0,0.0,0.0,0.0,1.0,0.0,1531.0088377445936,0
gin-gonic__gin-1805,gin-gonic/gin,Go,70a0aba3e423246be37462cfdaedd510c26c566e,613,1,0.0,0.0,0.0,0.0,0.0,0.0,0.0,0.0,0.0,0.0,0.0,512.7622615545988,0,0.0,0.0,0.0,1.0,0.0,1473.085108678788,0,0.0,0.0,0.0,1.0,0.0,2114.6805249154568,0,0.0,0.0,0.0,1.0,0.0,1281.2779797241092,0
gin-gonic__gin-2121,gin-gonic/gin,Go,2ee0e963942d91be7944dfcc07dc8c02a4a78566,2222,1,1.0,0.0,1.0,1.0,1.0,0.5,0.0,1.0,1.0,1.0,0.3333333333333333,689.2561027780175,0,0.0,1.0,1.0,1.0,0.5,2089.1390913166106,0,1.0,1.0,1.0,1.0,1.0,2942.483490332961,0,1.0,1.0,1.0,1.0,1.0,1439.8461505770683,0
gin-gonic__gin-2755,gin-gonic/gin,Go,f2bbdfe9f26d84cb994f381050692a9e4553bf75,1892,1,0.0,0.0,0.0,0.0,0.0,0.0,0.0,0.0,0.0,0.0,0.0,654.6660573221743,0,0.0,0.0,0.0,0.0,0.0,1985.7745482586324,0,0.0,0.0,0.0,0.0,0.0,2843.7762982212007,0,0.0,0.0,0.0,0.0,0.0,1495.860405266285,0
gin-gonic__gin-3741,gin-gonic/gin,Go,c2ba8f19ec19914b73290c53a32de479cd463555,453,1,1.0,0.0,0.0,0.0,0.0,0.043478260869565216,1.0,1.0,1.0,1.0,1.0,456.43938053399324,0,1.0,1.0,1.0,1.0,1.0,1332.2469415143132,0,1.0,1.0,1.0,1.0,1.0,1922.3163486458361,0,1.0,1.0,1.0,1.0,1.0,1371.1194042116404,0
gin-gonic__gin-3820,gin-gonic/gin,Go,9f598a31aafb92d675f38f1c8371e4ac76f858bf,2767,1,0.0,0.0,0.0,0.0,0.0,0.0,0.0,0.0,0.0,0.0,0.0,994.0375746227801,0,0.0,0.0,0.0,0.0,0.0,3084.7263312898576,0,0.0,0.0,0.0,0.0,0.0,4256.193621549755,0,0.0,0.0,0.0,0.0,0.0,1479.9726787023246,0
gohugoio__hugo-12171,gohugoio/hugo,Go,a322282e70c2935c79f9c0f5c593bfdd032eb964,2281,1,0.0,0.0,0.0,0.0,0.0,0.0,0.0,0.0,0.0,0.0,0.0,1137.4557064846158,0,0.0,0.0,0.0,0.0,0.0,3487.3399292118847,0,0.0,0.0,0.0,0.0,0.0,4806.078655645251,0,0.0,0.0,0.0,0.0,0.0,1519.4828589446843,0
gohugoio__hugo-12343,gohugoio/hugo,Go,060cce0a910ffd9dc4e92efbe758fc5f187c3145,550,1,0.0,0.0,0.0,0.0,0.0,0.0,0.0,0.0,0.0,0.0,0.0,769.5409106090665,0,0.0,0.0,0.0,0.0,0.0,2364.0316911041737,0,0.0,0.0,0.0,0.0,0.0,3352.899231016636,0,0.0,0.0,0.0,0.0,0.0,1374.295859131962,0
gohugoio__hugo-12448,gohugoio/hugo,Go,196132753649e6e714f05c83122737cabd0da310,1630,1,0.0,0.0,0.0,0.0,0.0,0.0,0.0,0.0,0.0,0.0,0.0,826.3549054972827,0,0.0,0.0,0.0,0.0,0.0,2517.0991234481335,0,0.0,0.0,0.0,0.0,0.0,3535.951219499111,0,0.0,0.0,0.0,0.0,0.0,1367.35231988132,0
gohugoio__hugo-12562,gohugoio/hugo,Go,c8dac67defbb512877e974814e196782989b8214,1351,1,0.0,0.0,0.0,0.0,0.0,0.0,0.0,0.0,0.0,0.0,0.0,738.2258698344231,0,0.0,0.0,0.0,0.0,0.0,2303.2295098528266,0,0.0,0.0,0.0,0.0,0.0,3294.773839879781,0,0.0,0.0,0.0,0.0,0.0,1375.7272670045495,0
gohugoio__hugo-12579,gohugoio/hugo,Go,9c4e14eb4f890d2a3caad2dcd9209609b7274914,954,1,1.0,1.0,1.0,1.0,1.0,1.0,1.0,1.0,1.0,1.0,1.0,860.800695605576,0,1.0,1.0,1.0,1.0,1.0,2548.6223129555583,0,1.0,1.0,1.0,1.0,1.0,3561.470764223486,0,1.0,1.0,1.0,1.0,1.0,1477.566275279969,0
hashicorp__terraform-34814,hashicorp/terraform,Go,310331bdc6b747b68b2e2dd6be257dfc78677973,2405,1,0.0,0.0,0.0,0.0,0.0,0.0,0.0,0.0,0.0,0.0,0.0,958.4307735785842,0,0.0,0.0,0.0,0.0,0.0,2905.893374234438,0,0.0,0.0,0.0,0.0,0.0,4068.0432934314013,0,0.0,0.0,0.0,0.0,0.0,1286.6455987095833,2
hashicorp__terraform-35611,hashicorp/terraform,Go,047c1af0b4a9e1e650f3811d011bcb92b2ceb15a,4840,1,0.0,0.0,0.0,0.0,0.0,0.0,0.0,0.0,0.0,0.0,0.0,1617.920751683414,0,0.0,0.0,0.0,0.0,0.0,4847.48928854242,0,0.0,0.0,0.0,0.0,0.0,6641.904556192458,0,0.0,0.0,0.0,0.0,0.0,1879.543480463326,0
jqlang__jq-2235,jqlang/jq,C++/C,b8816caf0a7f58c6483f4344e222a6fea47732e8,410,1,0.0,0.0,0.0,0.0,1.0,0.0,0.0,0.0,0.0,1.0,0.0,741.4780086837709,0,0.0,0.0,0.0,1.0,0.0,2326.139292679727,0,0.0,0.0,0.0,1.0,0.0,3282.6443519443274,0,0.0,0.0,0.0,1.0,0.0,1567.590095102787,0
jqlang__jq-2598,jqlang/jq,C++/C,4dc2a2fb9df94ec45d107b798173c7db9c695a7f,891,4,0.5,0.0,0.25,0.25,0.3333333333333333,0.25,0.0,0.0,0.25,0.3333333333333333,0.16666666666666666,900.2777868881822,0,0.25,0.25,0.5,0.3333333333333333,1.0,2638.6435725726187,0,0.25,0.25,0.25,0.3333333333333333,1.0,3731.4717997796834,0,0.25,0.375,0.5,0.3333333333333333,1.0,2002.5552702136338,0
jqlang__jq-2658,jqlang/jq,C++/C,c077b95ba2dcaafee39e302cc086bf99fa9248d0,609,1,1.0,0.0,1.0,1.0,1.0,0.5,0.0,0.0,1.0,1.0,0.14285714285714285,778.477780520916,0,0.0,1.0,1.0,1.0,0.3333333333333333,2275.3864750266075,0,0.0,1.0,1.0,1.0,0.5,3241.5107213892043,0,0.0,1.0,1.0,1.0,0.5,1467.1511906199157,0
jqlang__jq-2728,jqlang/jq,C++/C,87e3dfddb80015bd71259a4a295ca73bed398bd2,640,1,1.0,0.0,1.0,1.0,1.0,0.5,1.0,1.0,1.0,1.0,1.0,791.5876018814743,0,1.0,1.0,1.0,1.0,1.0,2313.1813765503466,0,1.0,1.0,1.0,1.0,1.0,3296.506547834724,0,1.0,1.0,1.0,1.0,1.0,1676.138250157237,0
jqlang__jq-2750,jqlang/jq,C++/C,98f709d0c1fd87a8b6a3e10c679442667712b264,770,4,1.0,0.0,0.5,1.0,0.5,0.5,0.5,0.75,0.75,0.5,1.0,697.8525095619261,0,0.25,0.75,1.0,0.5,1.0,2092.9699866101146,0,0.25,1.0,1.0,0.5,1.0,2951.545675750822,0,0.25,1.0,1.0,0.5,1.0,1534.4410669058561,0
matplotlib__matplotlib-13989,matplotlib/matplotlib,Python,a3e2897bfaf9eaac1d6649da535c4e721c89fa69,1714,1,1.0,1.0,1.0,1.0,1.0,1.0,1.0,1.0,1.0,1.0,1.0,941.7649647220969,0,1.0,1.0,1.0,1.0,1.0,2816.2266691215336,0,1.0,1.0,1.0,1.0,1.0,3955.846879631281,0,1.0,1.0,1.0,1.0,1.0,1526.305925566703,0
matplotlib__matplotlib-14623,matplotlib/matplotlib,Python,d65c9ca20ddf81ef91199e6d819f9d3506ef477c,1117,6,0.0,0.0,0.0,0.0,0.3333333333333333,0.0,0.0,0.0,0.0,1.0,0.0,824.5632075704634,0,0.0,0.0,0.0,0.6666666666666666,0.0,2458.7953095324337,0,0.0,0.0,0.0,0.6666666666666666,0.0,3472.615440841764,0,0.0,0.0,0.0,0.6666666666666666,0.0,1406.999554950744,0
matplotlib__matplotlib-20488,matplotlib/matplotlib,Python,b7ce415c15eb39b026a097a2865da73fbcf15c9c,1952,1,1.0,0.0,0.0,0.0,0.0,0.0625,0.0,1.0,1.0,1.0,0.5,873.4923857264221,0,0.0,1.0,1.0,1.0,0.5,2693.4169065207243,0,1.0,1.0,1.0,1.0,1.0,3790.9916643984616,0,0.0,1.0,1.0,1.0,0.5,1300.0476155430079,0
matplotlib__matplotlib-20676,matplotlib/matplotlib,Python,6786f437df54ca7780a047203cbcfaa1db8dc542,1645,1,0.0,0.0,0.0,0.0,0.0,0.0,0.0,0.0,0.0,1.0,0.0,774.501150008291,0,0.0,0.0,0.0,1.0,0.0,2378.889518789947,0,0.0,0.0,0.0,1.0,0.0,3368.468424770981,0,0.0,0.0,0.0,1.0,0.0,1586.0955971293151,0
micropython__micropython-10095,micropython/micropython,C++/C,cc26bf7406dac7822de347d14a9935c101d7e8aa,701,1,0.0,0.0,0.0,0.0,0.0,0.0,0.0,0.0,0.0,0.0,0.0,762.7192279323936,0,0.0,0.0,0.0,0.0,0.0,2320.780655834824,0,0.0,0.0,0.0,0.0,0.0,3295.1823584735394,0,0.0,0.0,0.0,0.0,0.0,1497.74210434407,0
micropython__micropython-13039,micropython/micropython,C++/C,fce8d9fd55409ab1027beee5671bc653fb5beb97,3563,1,1.0,0.0,1.0,1.0,1.0,0.25,0.0,1.0,1.0,1.0,0.2,1628.1302822753787,0,1.0,1.0,1.0,1.0,1.0,4902.666303794831,0,1.0,1.0,1.0,1.0,1.0,6716.188536025584,0,1.0,1.0,1.0,1.0,1.0,1816.985699813813,0
micropython__micropython-13569,micropython/micropython,C++/C,2d7fb9a715d8c9f1f7ba73a62cfd587fa6ffc24a,677,2,0.0,0.0,0.0,0.0,0.0,0.0,0.0,0.0,0.0,0.0,0.0,517.8257776424289,0,0.0,0.0,0.0,1.0,0.0,1480.3719511255622,0,0.0,0.0,0.0,1.0,0.0,2109.4224071130157,0,0.0,0.0,0.0,1.0,0.0,1306.4961023628712,0
micropython__micropython-15898,micropython/micropython,C++/C,b0ba151102a6c1b2e0e4c419c6482a64677c9b40,605,1,1.0,1.0,1.0,1.0,1.0,1.0,1.0,1.0,1.0,1.0,1.0,731.7758509889245,0,1.0,1.0,1.0,1.0,1.0,2275.5271987989545,0,1.0,1.0,1.0,1.0,1.0,3204.1118927299976,0,1.0,1.0,1.0,1.0,1.0,1539.792012423277,0
nushell__nushell-12901,nushell/nushell,Rust,cc9f41e553333b1ad0aa4185a912f7a52355a238,2373,1,0.0,0.0,0.0,0.0,0.0,0.0,0.0,0.0,0.0,1.0,0.0,871.2623193860054,0,0.0,0.0,0.0,1.0,0.0,2642.4966529011726,0,0.0,0.0,0.0,1.0,0.0,3710.987196303904,0,0.0,0.0,0.0,1.0,0.0,1478.598438668996,0
nushell__nushell-12950,nushell/nushell,Rust,0c5a67f4e5bf17a2fffbe3cbb54792a6464b3237,1875,1,0.0,0.0,0.0,0.0,0.0,0.0,0.0,0.0,0.0,0.0,0.0,806.7678404040635,0,0.0,0.0,0.0,0.0,0.0,2411.5029219537973,0,0.0,0.0,0.0,0.0,0.0,3406.2452372163534,0,0.0,0.0,0.0,0.0,0.0,2033.5617321543396,0
nushell__nushell-13605,nushell/nushell,Rust,48e401834d604563106a6ef3738a996d38c790ca,2409,2,0.5,0.0,0.0,0.5,1.0,0.125,0.0,0.5,0.5,1.0,0.2,893.9406098797917,0,0.0,0.5,0.5,1.0,0.5,2616.052205208689,0,0.5,0.5,0.5,1.0,1.0,3699.728746432811,0,0.5,0.5,0.5,1.0,1.0,1496.0241923108697,0
nushell__nushell-13831,nushell/nushell,Rust,fb34a4fc6c9ca882cc6dc95d437902a45c402e9a,3128,6,0.6666666666666666,0.0,0.0,0.0,0.0,0.041666666666666664,0.16666666666666666,0.6666666666666666,0.6666666666666666,1.0,1.0,1127.526824362576,0,0.16666666666666666,0.6666666666666666,0.6666666666666666,1.0,1.0,3436.913549900055,0,0.3333333333333333,0.6666666666666666,0.6666666666666666,1.0,1.0,4740.10552931577,0,0.16666666666666666,0.6666666666666666,0.6666666666666666,1.0,1.0,1371.7196169309318,0
preactjs__preact-2757,preactjs/preact,TypeScript/JavaScript,b17a932342bfdeeaf1dc0fbe4f436c83e258d6c8,1056,1,1.0,0.0,0.0,0.0,0.0,0.06666666666666667,0.0,0.0,0.0,0.0,0.07692307692307693,644.406926818192,0,0.0,1.0,1.0,1.0,0.5,1898.3293143101037,0,0.0,1.0,1.0,1.0,0.5,2698.1689888052642,0,0.0,1.0,1.0,1.0,0.5,2175.9998188354075,0
preactjs__preact-2896,preactjs/preact,TypeScript/JavaScript,a9f7e676dc03b5008b8483e0937fc27c1af8287f,1757,1,0.0,0.0,0.0,0.0,1.0,0.0,0.0,0.0,0.0,0.0,0.0,841.724154073745,0,0.0,0.0,0.0,1.0,0.0,2612.4921897426248,0,0.0,0.0,0.0,1.0,0.0,3685.519522987306,0,0.0,0.0,0.0,1.0,0.0,1316.2286151200533,0
preactjs__preact-2927,preactjs/preact,TypeScript/JavaScript,ee76c1eb169897412501d86fbe40122b34cd2e8d,491,1,1.0,0.0,0.0,0.0,0.0,0.06666666666666667,0.0,0.0,1.0,1.0,0.14285714285714285,606.9597834721208,0,1.0,1.0,1.0,1.0,1.0,1813.0344324745238,0,1.0,1.0,1.0,1.0,1.0,2582.600377500057,0,1.0,1.0,1.0,1.0,1.0,1575.2207259647548,0
preactjs__preact-3567,preactjs/preact,TypeScript/JavaScript,c77e6284c199761d59467d8cc596a2f03540e72c,1343,5,0.2,0.0,0.0,0.2,0.0,0.125,0.0,0.0,0.0,0.5,0.06666666666666667,744.3680679425597,0,0.0,0.0,0.2,0.5,0.1111111111111111,2203.0318030156195,0,0.0,0.0,0.0,0.5,0.041666666666666664,3115.0008481927216,0,0.0,0.0,0.0,0.5,0.039230769230769236,1375.0771069899201,0
prometheus__prometheus-10633,prometheus/prometheus,Go,64fc3e58fec13af55968db89a484b9e0c5425bd6,2414,1,1.0,0.0,0.0,1.0,0.5,0.16666666666666666,1.0,1.0,1.0,0.5,1.0,1161.1790470778942,0,1.0,1.0,1.0,0.5,1.0,3475.970869883895,0,1.0,1.0,1.0,0.5,1.0,4868.437053635716,0,1.0,1.0,1.0,0.5,1.0,1503.8756341673434,0
prometheus__prometheus-11859,prometheus/prometheus,Go,5ec1b4baaf01dae0b22567db53886c83b74e0e76,14854,1,1.0,0.0,1.0,1.0,1.0,0.2,0.0,1.0,1.0,1.0,0.5,13918.719649780542,0,1.0,1.0,1.0,1.0,1.0,39206.47468790412,0,1.0,1.0,1.0,1.0,1.0,47181.85243709013,0,1.0,1.0,1.0,1.0,1.0,1919.1699265502393,0
prometheus__prometheus-14861,prometheus/prometheus,Go,9f57f14d6c5e3c10ed212010cb34522458f43d64,1331,1,0.0,0.0,0.0,0.0,0.0,0.0,0.0,0.0,0.0,1.0,0.0,854.9878573976457,0,0.0,0.0,0.0,1.0,0.0,2665.0479226373136,0,0.0,0.0,0.0,1.0,0.0,3757.16520100832,0,0.0,0.0,0.0,1.0,0.0,1463.7795113958418,0
prometheus__prometheus-15142,prometheus/prometheus,Go,16bba78f1549cfd7909b61ebd7c55c822c86630b,1424,5,0.0,0.0,0.0,0.0,0.0,0.0,0.0,0.0,0.0,1.0,0.0,917.2147777862847,0,0.0,0.0,0.0,1.0,0.0,2725.4562424495816,0,0.0,0.0,0.0,1.0,0.0,3847.2389834932983,0,0.0,0.0,0.0,1.0,0.0,1837.9594115540385,2
pydata__xarray-2905,pydata/xarray,Python,7c4e2ac83f7b4306296ff9b7b51aaf016e5ad614,2135,1,0.0,0.0,0.0,0.0,0.0,0.0,0.0,0.0,0.0,1.0,0.0,1312.8684242255986,0,0.0,0.0,0.0,1.0,0.0,4001.0098344646394,0,0.0,0.0,0.0,1.0,0.0,5534.259049221873,0,0.0,0.0,0.0,1.0,0.0,1435.4482674971223,0
pydata__xarray-3151,pydata/xarray,Python,118f4d996e7711c9aced916e6049af9f28d5ec66,2326,1,1.0,0.0,1.0,1.0,1.0,0.3333333333333333,1.0,1.0,1.0,1.0,1.0,1134.9706472828984,0,1.0,1.0,1.0,1.0,1.0,3492.039956152439,0,1.0,1.0,1.0,1.0,1.0,4819.277096539736,0,1.0,1.0,1.0,1.0,1.0,1484.978685155511,0
pydata__xarray-3305,pydata/xarray,Python,69c7e01e5167a3137c285cb50d1978252bb8bcbf,2188,2,0.0,0.0,0.0,0.0,0.5,0.0,0.0,0.0,0.0,0.5,0.0,1064.506589435041,0,0.0,0.0,0.0,0.5,0.0,3226.2440407648683,0,0.0,0.0,0.0,0.5,0.0,4551.483742427081,0,0.0,0.0,0.0,0.5,0.0,1414.1989476047456,0
pydata__xarray-6992,pydata/xarray,Python,45c0a114e2b7b27b83c9618bc05b36afac82183c,1562,3,0.6666666666666666,0.0,0.0,0.3333333333333333,0.5,0.125,0.6666666666666666,0.6666666666666666,0.6666666666666666,0.5,1.0,910.1281524635851,0,0.6666666666666666,0.6666666666666666,0.6666666666666666,0.5,1.0,2693.6543439514935,0,0.6666666666666666,0.6666666666666666,0.6666666666666666,0.5,1.0,3792.0242068357766,0,0.6666666666666666,0.6666666666666666,0.6666666666666666,0.5,1.0,1436.701393686235,0
redis__redis-10068,redis/redis,C++/C,e88f6acb94c77c9a5b81f0b2a8bd132b2a5c3d3c,2020,3,0.3333333333333333,0.0,0.0,0.0,1.0,0.047619047619047616,0.0,0.3333333333333333,0.3333333333333333,1.0,0.25,1182.716482784599,0,0.0,0.3333333333333333,0.3333333333333333,1.0,0.5,3626.3172598555684,0,0.3333333333333333,0.3333333333333333,0.3333333333333333,1.0,1.0,5016.847594175488,0,0.3333333333333333,0.3333333333333333,0.3333333333333333,1.0,1.0,1986.6978633217514,0
redis__redis-10095,redis/redis,C++/C,1e25bdf7808bb400f2dc552ec0d6690d1b340d23,889,1,1.0,0.0,0.0,0.0,1.0,0.025,1.0,1.0,1.0,1.0,1.0,714.7372527979314,0,1.0,1.0,1.0,1.0,1.0,2212.9668667912483,0,1.0,1.0,1.0,1.0,1.0,3133.684721775353,0,1.0,1.0,1.0,1.0,1.0,1532.9768019728363,0
redis__redis-11631,redis/redis,C++/C,df327b8bd56023931cd41e233f8703de7bbaa82c,2846,2,0.0,0.0,0.0,0.0,0.0,0.0,0.0,0.0,0.0,0.0,0.0,1160.7707049697638,0,0.0,0.0,0.0,0.0,0.0,3567.05094082281,0,0.0,0.0,0.0,1.0,0.0,4924.043607432395,0,0.0,0.0,0.0,1.0,0.0,1878.6175809800625,0
redis__redis-11734,redis/redis,C++/C,45d3310694406fb0f338f7c639cda9754edb88f8,639,2,1.0,0.5,1.0,1.0,1.0,1.0,0.5,1.0,1.0,1.0,1.0,707.5052969157696,0,0.5,1.0,1.0,1.0,1.0,2147.915305569768,0,0.5,1.0,1.0,1.0,1.0,3061.697189696133,0,0.5,1.0,1.0,1.0,1.0,1471.295956056565,0
redis__redis-13338,redis/redis,C++/C,94b9072e44af0bae8cfe2de5cfa4af7b8e399759,5334,3,0.6666666666666666,0.0,0.3333333333333333,0.3333333333333333,1.0,0.3333333333333333,0.0,0.0,0.0,1.0,0.08333333333333333,2793.6211032792926,0,0.0,0.3333333333333333,0.6666666666666666,1.0,0.2,8468.075572978705,0,0.0,0.0,0.6666666666666666,1.0,0.125,11268.160982523113,0,0.0,0.6666666666666666,0.6666666666666666,1.0,0.5,1818.3134328573942,0
scikit-learn__scikit-learn-10297,scikit-learn/scikit-learn,Python,b90661d6a46aa3619d3eec94d5281f5888add501,1519,1,1.0,0.0,1.0,1.0,1.0,0.2,0.0,1.0,1.0,1.0,0.5,771.3950569741428,0,1.0,1.0,1.0,1.0,1.0,2404.968397691846,0,1.0,1.0,1.0,1.0,1.0,3408.8046583347023,0,1.0,1.0,1.0,1.0,1.0,1482.0736567489803,0
scikit-learn__scikit-learn-10844,scikit-learn/scikit-learn,Python,97523985b39ecde369d83352d7c3baf403b60a22,2399,1,1.0,0.0,1.0,1.0,1.0,0.5,1.0,1.0,1.0,1.0,1.0,1006.135422270745,0,1.0,1.0,1.0,1.0,1.0,2982.229960616678,0,1.0,1.0,1.0,1.0,1.0,4195.99465560168,0,1.0,1.0,1.0,1.0,1.0,1420.5825752578676,0
scikit-learn__scikit-learn-10908,scikit-learn/scikit-learn,Python,67d06b18c68ee4452768f8a1e868565dd4354abf,2035,1,1.0,0.0,0.0,1.0,1.0,0.16666666666666666,0.0,1.0,1.0,1.0,0.3333333333333333,918.5044439509511,0,1.0,1.0,1.0,1.0,1.0,2768.486046232283,0,1.0,1.0,1.0,1.0,1.0,3881.085153669119,0,1.0,1.0,1.0,1.0,1.0,1827.7710829861462,0
scikit-learn__scikit-learn-13142,scikit-learn/scikit-learn,Python,1c8668b0a021832386470ddf740d834e02c66f69,2314,1,0.0,0.0,0.0,0.0,0.0,0.0,0.0,0.0,0.0,0.0,0.0,1445.6451474688947,0,0.0,0.0,0.0,0.0,0.0,4463.820495642722,0,0.0,0.0,0.0,0.0,0.0,6104.957930743694,0,0.0,0.0,0.0,0.0,0.0,1812.1810923330486,0
sharkdp__bat-2201,sharkdp/bat,Rust,02a9d191ed06e6e37d4e352f12e25e65e8037dd0,3064,1,1.0,0.0,1.0,1.0,0.5,0.5,0.0,1.0,1.0,0.5,0.5,1049.9122724868357,0,0.0,1.0,1.0,0.5,0.5,3275.080150924623,0,0.0,1.0,1.0,0.5,0.5,4535.338180139661,0,0.0,1.0,1.0,0.5,0.5,1346.5823251754045,0
sharkdp__bat-2260,sharkdp/bat,Rust,c14ce4f7caa36fe524975c51f7aae3d5a852d1f9,3118,1,1.0,0.0,0.0,0.0,0.0,0.038461538461538464,0.0,0.0,0.0,0.0,0.09090909090909091,1075.5895976908505,0,0.0,0.0,1.0,0.5,0.16666666666666666,3330.48303052783,0,0.0,0.0,0.0,0.0,0.06666666666666667,4635.332450736314,0,0.0,0.0,1.0,0.5,0.1,1496.1142567917705,0
sharkdp__bat-2650,sharkdp/bat,Rust,e2bf85e749d87459e3fced697af5cd9cc96eeb8c,5297,1,0.0,0.0,0.0,0.0,0.0,0.0,0.0,0.0,0.0,0.0,0.0,1626.7965668812394,0,0.0,0.0,0.0,0.5,0.0,4887.697372119874,0,0.0,0.0,0.0,0.5,0.0,6686.922814231366,0,0.0,0.0,0.0,0.5,0.0,1363.8343084603548,0
sharkdp__bat-3108,sharkdp/bat,Rust,2be3a14a7e2c74360765a5fa213750f727f2c5bb,1157,2,1.0,0.5,1.0,1.0,0.6666666666666666,1.0,0.5,1.0,1.0,0.6666666666666666,1.0,706.717552151531,0,0.5,0.5,0.5,0.3333333333333333,1.0,2133.1550236791372,0,0.5,0.5,1.0,0.6666666666666666,1.0,3055.8409611694515,0,0.5,1.0,1.0,0.6666666666666666,1.0,1489.7512388415635,0
sympy__sympy-11618,sympy/sympy,Python,360290c4c401e386db60723ddb0109ed499c9f6e,252,1,1.0,1.0,1.0,1.0,1.0,1.0,1.0,1.0,1.0,1.0,1.0,577.3165882565081,0,1.0,1.0,1.0,1.0,1.0,1811.336226761341,0,1.0,1.0,1.0,1.0,1.0,2571.0230045951903,0,1.0,1.0,1.0,1.0,1.0,1490.8592402935028,0
sympy__sympy-12096,sympy/sympy,Python,d7c3045115693e887bcd03599b7ca4650ac5f2cb,598,1,1.0,0.0,0.0,0.0,0.0,0.037037037037037035,1.0,1.0,1.0,1.0,1.0,780.1496591418982,0,1.0,1.0,1.0,1.0,1.0,2309.5936914905906,0,1.0,1.0,1.0,1.0,1.0,3243.6312288045883,0,1.0,1.0,1.0,1.0,1.0,1528.1726703979075,0
sympy__sympy-12419,sympy/sympy,Python,479939f8c65c8c2908bbedc959549a257a7c0b0b,1141,2,0.0,0.0,0.0,0.0,0.0,0.0,0.0,0.0,0.0,0.0,0.0,892.5324454903603,0,0.0,0.0,0.0,0.0,0.0,2662.8453200682998,0,0.0,0.0,0.0,0.0,0.0,3772.6559322327375,0,0.0,0.0,0.0,0.0,0.0,1688.4274249896407,0
sympy__sympy-13031,sympy/sympy,Python,2dfa7457f20ee187fbb09b5b6a1631da4458388c,717,2,0.0,0.0,0.0,0.0,0.0,0.0,0.0,0.0,0.0,0.0,0.0,631.4105922356248,0,0.0,0.0,0.0,0.0,0.0,1944.4870399311185,0,0.0,0.0,0.0,0.0,0.0,2780.5511695332825,0,0.0,0.0,0.0,0.0,0.0,1774.7776033356786,0
tokio-rs__tokio-4898,tokio-rs/tokio,Rust,9d9488db67136651f85d839efcb5f61aba8531c9,1239,1,1.0,1.0,1.0,1.0,1.0,1.0,1.0,1.0,1.0,1.0,1.0,655.2891959436238,0,1.0,1.0,1.0,1.0,1.0,1927.6074524968863,0,1.0,1.0,1.0,1.0,1.0,2753.623280208558,0,1.0,1.0,1.0,1.0,1.0,1550.2324514091015,0
tokio-rs__tokio-6551,tokio-rs/tokio,Rust,0a85a9662d30139c779ea49a59be30db0f292b5d,1011,2,1.0,0.0,1.0,1.0,1.0,0.3333333333333333,0.0,1.0,1.0,1.0,0.5,566.7707175016403,0,0.0,1.0,1.0,1.0,0.5,1693.1953001767397,0,0.0,1.0,1.0,1.0,0.5,2423.4038409776986,0,0.5,1.0,1.0,1.0,1.0,1520.6847423687577,0
tokio-rs__tokio-6603,tokio-rs/tokio,Rust,873cb8ae2fc291eaffbd71e3c83d17b2f0ed7abf,1664,1,0.0,0.0,0.0,0.0,0.0,0.0,0.0,0.0,0.0,1.0,0.0,766.6265643201768,0,0.0,0.0,0.0,1.0,0.0,2345.4697523266077,0,0.0,0.0,0.0,1.0,0.0,3307.272453792393,0,0.0,0.0,0.0,1.0,0.0,1541.3833078928292,0
tokio-rs__tokio-6752,tokio-rs/tokio,Rust,ab53bf0c4727ae63c6a3a3d772b7bd837d2f49c3,1714,1,1.0,0.0,0.0,1.0,1.0,0.125,0.0,1.0,1.0,1.0,0.5,666.8247911147773,0,0.0,1.0,1.0,1.0,0.5,2085.9150025062263,0,0.0,1.0,1.0,1.0,0.5,2965.564345009625,0,1.0,1.0,1.0,1.0,1.0,1378.4522945061326,0
uutils__coreutils-6575,uutils/coreutils,Rust,bc0b4880e000b881a1cabc733b2d261f3526d15e,486,5,1.0,0.0,0.0,0.6,1.0,0.16666666666666666,0.0,0.4,0.8,1.0,0.5,627.9852404259145,0,0.0,0.8,0.8,1.0,0.5,1805.6995328515768,0,0.2,0.8,0.8,1.0,1.0,2599.5824690908194,0,0.0,0.6,0.8,1.0,0.5,1347.6575799286366,0
uutils__coreutils-6682,uutils/coreutils,Rust,b89a6255a9cb5ee09867707f395d02929273dc45,1296,2,1.0,0.5,1.0,1.0,1.0,1.0,0.5,1.0,1.0,1.0,1.0,758.9263296686113,0,0.5,1.0,1.0,1.0,1.0,2364.436522126198,0,0.5,1.0,1.0,1.0,1.0,3319.146042689681,0,0.0,1.0,1.0,1.0,0.5,1522.5149071775377,0
uutils__coreutils-6690,uutils/coreutils,Rust,af86aee6b86a99736ca304ff656d0e4c6d547333,391,1,1.0,0.0,0.0,0.0,1.0,0.024390243902439025,1.0,1.0,1.0,1.0,1.0,568.237722851336,0,1.0,1.0,1.0,1.0,1.0,1725.8265209384263,0,1.0,1.0,1.0,1.0,1.0,2455.702221021056,0,1.0,1.0,1.0,1.0,1.0,1420.1373220421374,2
uutils__coreutils-6731,uutils/coreutils,Rust,a4088475832957e070b8f904cd3a33a818d07d72,573,1,1.0,1.0,1.0,1.0,1.0,1.0,1.0,1.0,1.0,1.0,1.0,550.7835177704692,0,1.0,1.0,1.0,1.0,1.0,1757.8461188822985,0,1.0,1.0,1.0,1.0,1.0,2474.3564617820084,0,1.0,1.0,1.0,1.0,1.0,1186.4454434253275,2
valkey-io__valkey-1842,valkey-io/valkey,C++/C,4de8cf3567b4dfd3a541219462b22d46c730c4b4,934,1,1.0,0.0,0.0,1.0,1.0,0.125,0.0,1.0,1.0,1.0,0.5,779.216559138149,0,0.0,1.0,1.0,1.0,0.5,2366.5954652242362,0,1.0,1.0,1.0,1.0,1.0,3351.318639703095,0,1.0,1.0,1.0,1.0,1.0,1444.106119684875,0
valkey-io__valkey-790,valkey-io/valkey,C++/C,35a188833335332980a16239ac2efebf241c8a6a,3550,2,0.0,0.0,0.0,0.0,0.0,0.0,0.0,0.0,0.0,1.0,0.0,2109.1168355196714,0,0.0,0.0,0.0,1.0,0.0,6393.48541945219,0,0.0,0.0,0.0,1.0,0.0,8633.965496905148,0,0.0,0.0,0.0,1.0,0.0,1716.316204983741,0
valkey-io__valkey-928,valkey-io/valkey,C++/C,5d97f5133c271313cd5a172617e8af1fe845e0e2,7824,1,1.0,0.0,0.0,0.0,1.0,0.027777777777777776,1.0,1.0,1.0,1.0,1.0,2325.194662436843,0,0.0,1.0,1.0,1.0,0.5,6899.368669372052,0,0.0,1.0,1.0,1.0,0.25,9264.923686161637,0,1.0,1.0,1.0,1.0,1.0,1470.746195409447,0
vuejs__core-11589,vuejs/core,TypeScript/JavaScript,3653bc0f45d6fedf84e29b64ca52584359c383c0,2623,3,0.3333333333333333,0.0,0.0,0.0,0.0,0.034482758620689655,0.0,0.3333333333333333,0.3333333333333333,0.5,0.5,1337.9942821338773,0,0.3333333333333333,0.3333333333333333,0.3333333333333333,1.0,1.0,4148.4417682513595,0,0.3333333333333333,0.3333333333333333,0.3333333333333333,1.0,1.0,5695.290303789079,0,0.3333333333333333,0.3333333333333333,0.3333333333333333,1.0,1.0,1588.242270052433,0
vuejs__core-11870,vuejs/core,TypeScript/JavaScript,67d6596d40b1807b9cd8eb0d9282932ea77be3c0,1724,1,1.0,0.0,0.0,0.0,0.0,0.05,1.0,1.0,1.0,1.0,1.0,1149.8245503753424,0,1.0,1.0,1.0,1.0,1.0,3596.1944377049804,0,1.0,1.0,1.0,1.0,1.0,4980.428825132549,0,1.0,1.0,1.0,1.0,1.0,1506.4354976639152,0
vuejs__core-11915,vuejs/core,TypeScript/JavaScript,d0b513eb463f580e29378e43d112ff6859aa366e,694,1,1.0,0.0,0.0,0.0,0.0,0.03571428571428571,0.0,1.0,1.0,1.0,0.25,660.8067597262561,0,1.0,1.0,1.0,1.0,1.0,1993.6825083568692,0,1.0,1.0,1.0,1.0,1.0,2832.955082412809,0,1.0,1.0,1.0,1.0,1.0,1308.1145319156349,0
